{"text": " Like most predator mammals, the fox has powerful muscles, a cardiovascular system that allows a high speed and great resistance and teeth to hunt, endure and break prey. The ancestral skeleton of the foxes allows them to run and jump. Their legs have developed to quickly push them forward, jumping when necessary to hunt and catch prey.", "segments": [{"id": 1, "seek": 0, "start": 0.0, "end": 16.0, "text": " Like most predator mammals, the fox has powerful muscles, a cardiovascular system that allows a high speed and great resistance and teeth to hunt, endure and break prey.", "tokens": [50364, 1743, 881, 35377, 35408, 11, 264, 21026, 575, 4005, 9530, 11, 257, 31786, 1185, 300, 4045, 257, 1090, 3073, 293, 869, 7335, 293, 7798, 281, 12454, 11, 24732, 293, 1821, 21107, 13, 51164], "avg_logprob": -0.45489299214548534, "compression_ratio": 1.330708661417323, "no_speech_prob": 0.1360810101032257, "words": null, "temperature": 0.0}, {"id": 2, "seek": 1600, "start": 16.0, "end": 32.0, "text": " The ancestral skeleton of the foxes allows them to run and jump. Their legs have developed to quickly push them forward, jumping when necessary to hunt and catch prey.", "tokens": [50364, 440, 40049, 25204, 295, 264, 21026, 279, 4045, 552, 281, 1190, 293, 3012, 13, 6710, 5668, 362, 4743, 281, 2661, 2944, 552, 2128, 11, 11233, 562, 4818, 281, 12454, 293, 3745, 21107, 13, 51164], "avg_logprob": -0.33995505422353745, "compression_ratio": 1.31496062992126, "no_speech_prob": 0.815161943435669, "words": null, "temperature": 0.0}], "language": "ca"}