{"text": " Igual que la majoria de mam\u00edferes de predadors, el gos t\u00e9 m\u00fasculos potents, un sistema cardiovascular que permet una alta velocitat i una gran resist\u00e8ncia i dents per ca\u00e7ar, aguantar i estripar les preses. L'esquelet ancestral dels gossos els permet c\u00f3rrer i saltar. Les seves potes s'han desenvolupat per impulsar-los r\u00e0pidament cap endavant, saltant quan cal, per acassar i atrapar les preses.", "segments": [{"id": 1, "seek": 0, "start": 0.0, "end": 16.0, "text": " Igual que la majoria de mam\u00edferes de predadors, el gos t\u00e9 m\u00fasculos potents, un sistema cardiovascular que permet una alta velocitat i una gran resist\u00e8ncia i dents per ca\u00e7ar, aguantar i estripar les preses.", "tokens": [50364, 19271, 901, 631, 635, 2563, 654, 368, 13524, 870, 612, 279, 368, 3852, 29816, 11, 806, 290, 329, 19809, 38886, 32397, 1847, 791, 11, 517, 13245, 34274, 7967, 2444, 289, 631, 20696, 2002, 26495, 7806, 14032, 741, 2002, 9370, 4597, 28917, 741, 274, 791, 680, 1335, 26378, 11, 34438, 394, 289, 741, 871, 470, 2181, 1512, 1183, 279, 13, 51164], "avg_logprob": -0.25444895312899635, "compression_ratio": 1.3725490196078431, "no_speech_prob": 0.5075148344039917, "words": null, "temperature": 0.0}, {"id": 2, "seek": 1600, "start": 16.0, "end": 32.0, "text": " L'esquelet ancestral dels gossos els permet c\u00f3rrer i saltar. Les seves potes s'han desenvolupat per impulsar-los r\u00e0pidament cap endavant, saltant quan cal, per acassar i atrapar les preses.", "tokens": [50364, 441, 6, 279, 358, 15966, 40049, 23724, 290, 772, 329, 10302, 20696, 6333, 81, 9797, 741, 5139, 289, 13, 6965, 369, 977, 1847, 279, 262, 6, 3451, 28683, 1010, 267, 680, 704, 9468, 289, 12, 9389, 367, 1467, 79, 327, 2466, 1410, 917, 35034, 11, 5139, 394, 19068, 2104, 11, 680, 696, 640, 289, 741, 44192, 2181, 1512, 1183, 279, 13, 51164], "avg_logprob": -0.17386496881954372, "compression_ratio": 1.3450704225352113, "no_speech_prob": 0.9549241065979004, "words": null, "temperature": 0.0}], "language": "ca"}